,titles,category
0,민주당 국회의장 후보에 선 김진표부의장엔 김영주,Politics
1,국회의장 후보에 김진표 선출 제 몸엔 민주당의 피가 흐른다,Politics
2,민주당 국회의장 김진표부의장 김영주 후보 선출,Politics
3,대 후반기 국회의장 후보에 민주당 선 김진표부의장엔 김영주,Politics
4,노옥희 울산교육감 후보 청소년 영상동아리 멘토링 지원,Politics
5,노옥희 울산교육감 후보 학생교육원 제주도에 분원 만들겠다,Politics
6,의료인장애학부모들 아이들만 바라볼 노옥희 후보 지지,Politics
7,노옥희 울산교육감 후보 학생교육원 제주분원 추진,Politics
8,북 탄도미사일 동해상 발 발사정부 출범 후 두번째 도발종합,Politics
9, 미사일 첫번째 고도  두번째는  밖 낙하종합,Politics
10, 장단거리 미사일 섞어 시험 발사한미 실사격 훈련,Politics
11,  탄도미사일 발사윤대통령 첫 대통령주재  소집뉴스포커스,Politics
12,영상 이재명 손으로 목 그으며 패하면 정치생명,Politics
13,이재명 이번에 지면 정치생명 끝장난다손으로 목 그으며 끽,Politics
14,이재명 손으로 목 긋는 동작에이준석 제정신 아닌 행동,Politics
15,목에 손 긋는 이재명 이번에 지면 정치생명 끝 영상,Politics
16,발의 년 만에 열린 차별금지법 공청회국민의힘은 불참,Politics
17,오늘 차별금지법 제정 공청회 열려국민의힘 불참하기로,Politics
18,정부 신임 합참의장에 김승겸대장급 인 전원 교체 종합,Politics
19,속보  정부 첫 합참의장 김승겸 대장년 만에 육군 출신,Politics
20,권성동 섣부른 낙관주의는 곧 패배사전투표 해달라,Politics
21,국민의힘 하루 투표가 사흘 투표 이길 수 없어사전투표 적극 참여,Politics
22,러중 군용기 한국방공식별구역 진입전투기 출격,Politics
23,중러 군용기 대 독도 인근 카디즈 진입후 이탈,Politics
24,권성동 윤종원 발탁 있을 수 없는일 인선 제동,Politics
25,권성동 대통령에게 윤종원 우려 전달대통령 고심 중,Politics
26,박지현  용퇴해야 지도부 논의 없었다고성 오간 회의,Politics
27,윤호중박지현 민주당 쇄신안 놓고 정면충돌회의 중 고성,Politics
28,정부  도발 중단하고 대화에 나와야 뒤 공식 성명,Politics
29, 단거리 섞어 쏘기  확장억제 실행 실질 조치,Politics
30,권익위 년 하반기 공공재정지급금 부정수급 억 원 환수,Politics
31,권익위 지난해 하반기 공공재정 부정수급 억 환수,Politics
32, 계양을 사수로 뜬 윤형선 후보 직격인터뷰레이더,Politics
33,비겁한 행위계양이 호구냐 이재명 난타,Politics
34,이재명 오전 일정 갑자기 다 취소 숨고르기지지 하락 여파,Politics
35,위기의 이재명개딸 유세 대신 골목서 바닥 민심 훑는다,Politics
36,윤 대통령 기념시계 나왔다국민희망대표 인에 첫 증정,Politics
37,윤석열 대통령 시계 호 증정은 취임식 국민희망대표,Politics
38, 바이든 태운 에어포스원 본토진입 직후 미사일 도발,Politics
39,북한 바이든 한일 순방기간 도발자제 이유는준비는 끝,Politics
40,여랑야랑가짜 계양 사람  오세훈  송영길 매너리즘 공방  춤추는 후보들,Politics
41,여랑야랑김건희 옷부터 휴지까지 화제  선거 포스터 짝꿍,Politics
42,여랑야랑눈도장이 필요해  철조망 십자가  교육감의 자질,Politics
43,여랑야랑인준 후폭풍  여론조사가 뭐길래  그릇을 조심해,Politics
44,한국타이어  최대 테스트트랙 오픈조현범 글로벌 톱티어 자신감,Economic
45,한국타이어 월 가정의 달 맞아 패밀리세일 이벤트 진행,Economic
46,한국타이어 부타디엔 가격 상승 여파목표가,Economic
47,한국타이어  최대 테스트트랙 한국테크노링 공개축구장 개 규모,Economic
48,머스크가 우주에 보낸 인스퍼레이션 로 품어 억 대박 낸 디스플레이,Economic
49,스페이스와 협업 디스플레이  작품 억에 팔렸다,Economic
50, 투명 올레드로  작품 선봬억원 낙찰,Economic
51,와 만난 의 투명 경매서 억에 낙찰,Economic
52, 경유 가격 천 원 넘었다생활경제,Economic
53,고유가에 월 휘발유경유 소비량 감소작년 동월보다 ,Economic
54,고유가에 월 휘발유경유 소비량 감소작년 동월보다 ,Economic
55,전국 평균 경유 가격 사상 처음으로 원 돌파,Economic
56,대구은행 년 만기 가계신용대출 출시,Economic
57,대구은행 년년 가계 신용대출 만기 늘렸다,Economic
58,아파트 말고 빌라로 가자 서울 빌라 전월세 거래량 역대 최고,Economic
59,서울 임차인들 급등한 아파트 전세값에 빌라로 쫓겨나,Economic
60,삼성 스텔란티스와 미국 배터리 합장공장 설립,Economic
61,배터리 사 북미지역 경쟁 의지 풀충전,Economic
62,해외직구 필요없네 홈플러스서 월마트 단독브랜드 산다,Economic
63,홈플러스 캠핑용품 등 미국 월마트 단독브랜드 상품 판매,Economic
64,삼성 조 현대차 조 롯데한화 조 미래산업 투자,Economic
65,대기업 곳서 조 미래 투자로 승부수 대기업 곳 미래 먹거리에 조 투자,Economic
66,신통기획 올라탄 천호구역년 만에 서울시 심의 넘어,Economic
67,강동구 천호구역 신통기획 정비구역 지정재개발 첫 사례,Economic
68, 투자기업 곳 중 곳 도시 봉쇄 경영 환경에 부정적,Economic
69,정부 코로나 경제충격에 조 추가감세 등 종합대책,Economic
70,거리두기 해제에도 월 기업체감경기 제자리걸음한 이유는,Economic
71,월 기업 체감경기 제조업비제조업온도차,Economic
72,금리인상대출규제에분기 가계빚 년 만에 처음 줄었다,Economic
73,년만에 줄어든 가계부채안심하긴 이르다,Economic
74,한국은 왜 가계부채가 많을까통계의 함정 더 머니이스트심형석의 부동산정석,Economic
75,미국 협박하고 한국은 달래는 중국의 속내 더 머니이스트  ,Economic
76,재건축의 시작은 철거폭파가 빠르고 안전한 이유 더 머니이스트최원철의 미래집,Economic
77,마흔에 은퇴하면 년 동안은파이어족이 간과한 사실 더 머니이스트김진웅의 세 시대와 평생 자산관리,Economic
78,남양주 살인견 견주는 불법 개사육장 주인검찰 구속기소,Social
79,남양주 개물림 사망사건 견주 사건 년만에 구속기소,Social
80,검찰 남양주 개물림 사망사건 견주 구속기소,Social
81,남양주 살인견 농장 주인 사건 발생 년 만에 구속 기소돼,Social
82,전화 사기 피해자로 신고했더니 보이스피싱 조직의 수거책수원 중부경찰 피싱 지킴이로 선정포상,Social
83,만원 현금 인출 수상은행원 신고로 보이스피싱 수금책 덜미,Social
84,피싱 피해자인줄 알고 신고했는데현금 수거책이었다,Social
85,백팩서 돈다발이 피해자 도우려다 피싱 수거책 잡았다,Social
86,정부 원숭이두창 유입 차단 강화검사체계 전국 확대,Social
87,원숭이두창 해외유입 차단 강화검사체계 전국 확대,Social
88,중대본 원숭이두창 해외유입 차단 강화검사체계 확대,Social
89,원숭이두창 확산 정부 전국 보건환경연구원 검사체계 확대,Social
90,공직자 인사 검증까지 맡는 공룡부처 법무부  세밀한 검증 기대정보 오남용 우려,Social
91,인사 검증 업무도 맡게 되는 법무부권한 집중 과도,Social
92,수사에 정보까지 틀어쥔 한동훈 법무장관소통령 현실화,Social
93,장제원 법무부 인사 검증 논란에 한동훈이 영원히 장관하나,Social
94,국민  코로나 감염누적 확진 만명 넘었다상보,Social
95,코로나 확진 만명 누적 만명 넘어서,Social
96,검찰 차량시위 주도 자영업자 단체 대표 벌금 만원 약식기소,Social
97, 심야 차량시위 주도 자영업자 단체 대표 약식기소,Social
98,수익금 독촉하자 주식 공동투자한 대 살해 대 여성 기소,Social
99,검찰 의사 살해시신 유기 대 여성 단독범 기소,Social
100,년 진척없던 주택조합사업대법 상황 변화 없으면 계약 유효,Social
101,년 진척 없던 주택조합사업대법 상황 변화 없으면 계약 유효,Social
102,여장남자 고백에 격분무자비 폭행에 실명 위기,Social
103,성매매 속여 채팅 부른 여장유튜버 생방중 폭행당해,Social
104,단독 또 터진 금융권 내부 횡령새마을금고에서 억 횡령 직원 자수,Social
105,김제지역 개 새마을금고 김제시에 기부금 만원 기탁,Social
106,대검찰청  관련 명예회복 절차 진행 지시,Social
107,대검 전국 검찰청에  사법피해자 명예회복 진행 지시,Social
108,루나로 억 손실 권도형 집 찾아간 검찰에 불구속 송치,Social
109,루나 개발자 집 찾아가 초인종 누른  불구속 송치,Social
110, 통일교육주간평화통일교육포럼 일 개최경남소식,Social
111,통일 주춧돌 전남통일교육센터 출범식 일 동신대서 개최,Social
112,음주운전하다 경운기 추돌 명 사상한 뒤 도주 대 체포,Social
113,하동 음주사고 뺑소니 대 검거명 사상,Social
114,강남대로송파대로 사이 헌릉로 중앙버스전용차로 생긴다양재염곡세곡 ,Social
115,양재염곡세곡 헌릉로 중앙버스전용차로  착공,Social
116,하루 동안 두 가정이 극단적 선택중증장애 가족 삶에 관심을,Social
117,하루에 두 장애인 가정서 비극 전장연 삼각지역에 분향소 설치,Social
118,취임사에 다시 담은 검수완박 비판 발언렌즈로 본 세상,Social
119,함께한 일 마지막 퇴근길렌즈로 본 세상,Social
120,발걸음의 무게렌즈로 본 세상,Social
121,청와대 시대의 마지막 기자간담회렌즈로 본 세상,Social
122,오후에 내륙 곳곳 강한 소나기밤부터 중부지방에 비,Culture
123,경북 내륙 소나기대구 낮 도,Culture
124,내일 중부 늦은 밤부터 비 남부 낮기온 도 안팎,Culture
125,오후부터 전국 곳곳에 소나기 중부는 밤 한때 비,Culture
126,전남도 체류형 관광기반 마련 총력,Culture
127,파친코뷰티 앞장 관광객 유치 전방위 리부팅,Culture
128,외래 관광객 잡아라관광공사 방한 마케팅 돌입,Culture
129,부산관광공사 관광업계 선도 스타기업 공모,Culture
130,애니 기획단계 지원 글로벌 경쟁력 확보 애니메이션 부트캠프,Culture
131,콘진원 애니메이션 발굴 부트캠프 가동,Culture
132,청양군 수요응답형 행복택시 본격 운영,Culture
133,기아 택시업계와 손잡고 니로 플러스 전기택시 보급 가속,Culture
134,내일 밤부터 중부지방 중심 비초여름 더위 주춤,Culture
135, 전국 한여름처럼 더워요강한 자외선 주의프레스룸 날씨,Culture
136,헤어질 결심 칸 최고 평점황금종려상 청신호,Culture
137,헤어질 결심순간 분의 갈채 순간 두근두근 칸,Culture
138,년간 한국 방송콘텐츠 불법 유통한 사범 명 입건,Culture
139,년간 전 세계에 방송 콘텐츠 불법 송출한 사범 구속 기소,Culture
140,창립기념일 기아 임직원 봉사 주간 기아 무브먼트 위크 운영,Culture
141,기아 창립기념일 맞아 임직원 봉사주간 운영사회적 책임 다하겠다,Culture
142,블랙박스주말 서울시내를 달린 괴물바이든의 캐딜락 원,Culture
143,블랙박스나비형팔각형 핸들 출시참신하긴 한데 안전은 글쎄,Culture
144,캠핑차박 인기에캠핑카 판매도 기대감블랙박스,Culture
145,한국 전기차 세계시장서 쌩쌩 미유럽서 연일 신기록블랙박스,Culture
146,매일 거울 앞에서 목을 만져보세요암앎,Culture
147,단 음료 즐기면 대장암 위험 높아진다암앎,Culture
148,위암 음식 종류보다 섭취법에 관심을암앎,Culture
149,장년 남성 전립선암 주의보암앎,Culture
150,테슬라 목표가 하향 등 악재 연속 백불 지킬까,World
151,고점대비 반토막난 테슬라 머스크 재산도 조 증발,World
152,테슬라 주가 고점 대비 반토막올해 머스크 재산 조,World
153,이러다 오백슬라 가겠다테슬라 하락세 속 서학개미 눈물의 물타기,World
154, 쿼드 맞불 태평양 개국 방문타이완 문제 불장난 말라,World
155, 왕이 남태평양 섬 개국 순방쿼드에 저인망식 대응,World
156,왕이 이번주 솔로몬 제도 포함한 태평양섬 개국 방문상보,World
157,쿼드 대응중국 해군력 강화태평양 섬나라 공략,World
158, 원숭이두창 개국서 건 확진의심사례 건,World
159,덴마크 원숭이두창 환자 접촉자에 천연두 백신 제공,World
160,원숭이두창 확산비축 천연두백신 사용 어렵다,World
161, 원숭이두창 개국 건 확진의심사례 건,World
162,나토 사무총장 안보와 경제적 이익 교환 말아야,World
163,나토 사무총장 푸틴의 우크라 침공 큰 전략적 실수,World
164,닭고기 수출금지 말레이시아 팜유 수출은 확대,World
165,싱가포르 말레이 닭고기 수출중단에 비상냉동닭다른고기 사길,World
166, 뉴욕주 김치의 날 제정 결의안 기념 행사 개최,World
167,김치에 경의 표한 뉴욕 주의회김치 인기는 문화수용 좋은 예,World
168,인도 밀에 이어 설탕도 수출 제한 조치,World
169,인도 밀 이어 설탕 수출도 제한,World
170, 러시아 채무상환 허용조치 연장 안 해러 디폴트 가능성,World
171, 재무부 러 채무상환 유예조치 종료러 년만에 디폴트 우려,World
172, 새 중국정책 오는 일 발표대만 문제 입장 주목,World
173, 새 정책 오는 일 발표 관건은 대만,World
174,테드로스  사무총장 연임 확정임기 년까지,World
175,거브러여수스 세계보건기구 사무총장 연임 확정,World
176,세계를 뒤흔든 책 윤석열 대통령과 엘리트들 보십시오 권신영의 해리포터 너머의 영국,World
177,가부장제는 여성의 선택 명문고 논란의 영상물 권신영의 해리포터 너머의 영국,World
178,세계 최고 명문학교가 시골로 가는 이유 권신영의 해리포터 너머의 영국,World
179,일본 총리가 왜 저기에 한국 긴장해야 한다 권신영의 해리포터 너머의 영국,World
180,네이버하노이과기대 베트남서 첫  해커톤 성료,IT
181,네이버하노이과기대 베트남 최초  해커톤 성황리 개최,IT
182,네이버 하노이과기대과 베트남 최초  해커톤 개최,IT
183,네이버하노이과기대 베트남 최초  해커톤 개최,IT
184,헬로비전 월만원대 케이블인터넷 결합상품 출시,IT
185,헬로 인터넷도 알뜰월 만원에 보세요,IT
186,헬로비전  더 저렴하게,IT
187,헬로 월 만원대 기가인터넷 결합상품 출시,IT
188,컴투스홀딩스 크로매틱소울  국내 출시토큰경제,IT
189,컴투스홀딩스 크로매틱소울  레이드 국내 출시,IT
190,구글 피해 오세요  앱마켓 원스토어 반값수수료 강수,IT
191,원스토어 미디어콘텐츠 앱 기본수수료 로 인하,IT
192,포인투테크놀로지 억원 시리즈 투자 유치,IT
193,카이스트 출신 뭉친  스타트업  만 달러 투자유치,IT
194,철통보안 해킹불가 양자칩드림팀과 국방공공시장 도전,IT
195, 철통보안 양자암호칩 드림팀과 국방공공 시장 도전,IT
196,위메이드 일 신작 미르 온라인 쇼케이스,IT
197,위메이드 미르 핵심 콘텐츠 대가 공개,IT
198,코오롱베니트 하늘채현대차 양방향 제어 서비스 연동,IT
199,코오롱베니트 차와 집 연결하는 홈투카카투홈 선보인다,IT
200,주말마다 남는 방 없다 핫플된 영흥도 글램핑 비결은 배성수의 다다선,IT
201,맨 대우 달라졌네만년 위 유플도 억대 연봉 찍는다 배성수의 다다선,IT
202,돌아온 모토로라 만원폰 내놨다폴더블폰도 검토 배성수의 다다선,IT
203,콧대 높은 애플이 무슨 일아이폰 줄줄이 할인 나섰다 배성수의 다다선,IT
204,아하 우주 직경 올해 가장 큰 소행성 곧 지구에 근접한다,IT
205,아하 우주 보이저 호 고장났나 이상한 데이터 전송한 이유,IT
206,아하 우주 화질 비교불가제임스웹  스피처 우주망원경 비교해보니,IT
207,아하 우주  행성사냥꾼 광년 거리서 슈퍼지구 개 찾았다,IT
